2026年2月5日(木),,,,
前月のアフィリンククリック数とサーチコンソールを見て分析し、リライトをどうするか,,,,
,,,,
ジャンル,,,,
YMYL,,,,
,,,,
開設日,2025年9月,,,
記事数,,,,
,,,,
1月の取り組み,,,,
新記事,1,,,
リライト,3,,,
,,,,
アフィリエイトリンククリック数(2026年1月),,,,
プログラム名,インプレッション数,クリック数,,
〇〇,2,5,,
〇〇,2,4,,
,,,,
,,,,
サーチコンソール(2026年1月),,,,
上位のクエリ,クリック数,表示回数,CTR,掲載順位
〇〇 口コミ,15,187,8%,7.6
〇〇 口コミ,12,199,6%,9.1
〇〇 口コミ,12,35,34.30%,2.4
〇〇 口コミ,8,286,2.80%,9.6
〇〇 口コミ,4,40,10%,8.5
〇〇 回収,3,240,1.30%,8.7
〇〇 解約,3,37,8.10%,4.3
〇〇 処分,2,143,1.40%,7.4
〇〇 悪い口コミ,2,37,5.40%,3.9
〇〇 廃棄,1,33,3%,6.7
〇〇  回収 送料,1,26,3.80%,7.1
〇〇  痩せ ない,1,22,4.50%,7.6
〇〇 悪い 口コミ,1,17,5.90%,5.1
〇〇 口コミ,1,12,8.30%,8
〇〇  回収 コンビニ,1,11,9.10%,10.7
〇〇  貯金,0,25,0%,9
〇〇 販売店,0,10,0%,16.8
〇〇 ドラッグストア,0,6,0%,67.2
〇〇 どこに売ってる,0,3,0%,81.7
〇〇 取扱店,0,1,0%,58
,,,,
,,,,
今後の対策,,,,